1970,36005,1,45875,45521,43733,41916,42347,36594,29297,26580,27124,26664,26395,29127,29295,24134,17983,11974,6378,3128
1970,36005,2,43911,43741,41942,42411,47289,39118,31566,29908,31093,32568,33584,37066,35781,32388,25723,16969,9744,5590
1970,36005,3,21206,22410,19055,16651,13111,13246,11449,9904,9120,8058,6201,4805,3556,2653,1695,847,433,223
1970,36005,4,20330,21834,19571,16719,18153,18066,15337,13113,12141,10641,8543,6667,5140,3962,2484,1418,787,538
1970,36005,5,1128,1022,903,891,807,801,768,635,480,404,312,220,177,145,93,57,23,14
1970,36005,6,1112,924,867,890,1027,964,822,674,567,434,321,245,202,152,100,69,38,29
1970,36047,1,73460,74906,76630,74930,75410,63253,47678,45053,50553,53546,53891,57294,53260,42085,31744,20259,10821,5216
1970,36047,2,71249,71205,73766,75812,82188,63209,49668,48927,57171,63383,66052,69040,63154,55283,43982,27657,15392,8544
1970,36047,3,39005,42231,37649,29140,21866,23602,21308,18609,16623,14261,10741,8169,6146,4512,2680,1403,644,381
1970,36047,4,38662,41629,37772,32109,32327,33188,28951,24921,22149,18635,14959,11619,9047,6858,3995,2207,1214,842
1970,36047,5,1555,1377,1394,1292,1224,1253,1241,948,722,593,514,436,401,348,241,113,66,45
1970,36047,6,1474,1368,1262,1340,1548,1378,1221,951,802,655,512,477,318,236,183,97,58,45
1970,36061,1,29140,28408,28307,29906,43012,50592,40984,36388,35093,31935,28594,29169,29615,26701,20365,12823,6829,3432
1970,36061,2,27367,26655,27204,30522,58259,58150,39533,33469,33912,34940,34838,38174,39675,36760,30084,19776,11335,6814
1970,36061,3,14609,16420,16761,14796,12818,13247,12253,11637,11584,11322,9709,8153,7035,5779,3846,2118,1007,554
1970,36061,4,14530,16050,16531,15758,16003,15350,14190,13547,13880,13818,12635,11535,10326,8496,5636,3271,1900,1263
1970,36061,5,2367,2434,2340,2432,2699,2521,2625,2351,2003,1931,1548,1372,1363,1242,883,515,246,112
1970,36061,6,2172,2139,2200,2274,2868,2707,2449,2054,1971,1541,1293,1109,948,681,513,284,144,96
1970,36081,1,56140,55429,59665,61190,61599,58977,45026,41524,48192,53609,54479,56246,51412,38129,27476,17061,8434,3987
1970,36081,2,53670,53432,57967,62226,73910,58811,44833,44612,55655,63860,66466,66439,59588,49698,40055,25809,14365,7502
1970,36081,3,12400,14653,14814,12219,8261,7617,7675,7408,7981,8083,6368,4636,3392,2249,1347,731,322,186
1970,36081,4,12529,14475,14641,12761,11023,10365,10076,9868,10195,9397,7473,5695,4358,3174,2152,1265,673,497
1970,36081,5,1658,1269,1108,1071,1029,1486,1872,1336,954,746,552,417,357,273,186,66,63,28
1970,36081,6,1604,1296,1138,1077,1455,1976,1610,1197,1010,668,523,434,330,256,209,113,70,40
1970,36085,1,12767,14464,14020,11821,9648,9834,8511,8139,8696,8416,7746,6574,5374,3788,2827,1997,1156,636
1970,36085,2,12229,13763,13155,11453,11261,10434,8568,8176,8861,8883,8243,7334,6089,4810,4015,2954,1718,1086
1970,36085,3,952,1123,1158,1086,691,549,476,384,363,323,223,187,144,92,84,39,15,15
1970,36085,4,893,1022,944,885,810,669,553,464,414,405,334,246,192,137,90,55,40,16
1970,36085,5,130,96,85,78,64,67,89,80,42,46,26,38,24,20,11,6,10,3
1970,36085,6,109,81,70,74,97,110,80,76,62,34,33,15,23,8,14,6,4,1
1971,36005,1,45434,44550,44467,42516,44340,36157,29118,25930,26619,26392,26260,28326,28600,23216,17266,11570,6367,3231
1971,36005,2,43492,42811,42718,42700,48151,38666,31641,29313,30543,32218,33410,36126,35336,31367,25000,17065,9971,5963
1971,36005,3,21244,22386,20131,17565,14214,13094,11809,10035,9391,8218,6558,5141,3822,2762,1766,925,447,237
1971,36005,4,20424,21735,20638,17753,18976,17928,15936,13513,12386,10998,9117,7174,5572,4163,2645,1567,852,589
1971,36005,5,1132,1034,941,913,853,789,806,655,510,424,330,238,186,151,98,62,24,16
1971,36005,6,1113,939,904,914,1038,949,873,700,577,452,342,263,215,160,106,75,40,31
1971,36047,1,72941,72888,76790,74949,78645,63230,48096,43659,49054,52449,53633,55997,52681,41232,30800,19816,10818,5362
1971,36047,2,70490,69448,73683,75676,83624,63323,50064,47649,55232,62162,65501,67837,62933,54322,43057,28204,15842,8962
1971,36047,3,39258,41776,39216,30711,23708,23014,21966,18809,17040,14668,11416,8626,6545,4622,2776,1488,665,404
1971,36047,4,38972,41232,39358,33717,34015,32645,29917,25588,22620,19331,15897,12337,9727,7065,4225,2360,1258,897
1971,36047,5,1654,1481,1523,1402,1371,1312,1382,1019,811,674,583,479,438,363,255,127,70,48
1971,36047,6,1575,1451,1378,1441,1667,1457,1365,1022,869,727,584,522,360,259,201,108,64,49
1971,36061,1,28399,27213,28100,29721,45118,51197,41486,35821,34543,31751,28717,28321,28427,25887,19844,12711,6916,3517
1971,36061,2,26725,25557,27004,30194,58529,58052,40836,33184,32982,34271,34418,36746,38247,35990,29706,20236,11747,7161
1971,36061,3,13913,15544,16527,14784,13179,12618,12030,11307,11304,10989,9769,8191,7007,5815,3861,2237,1040,582
1971,36061,4,13822,15201,16305,15691,16037,14547,13870,13074,13375,13413,12526,11415,10344,8571,5742,3481,1955,1320
1971,36061,5,2349,2449,2402,2475,2827,2557,2719,2356,2077,1985,1638,1426,1383,1270,907,556,260,122
1971,36061,6,2186,2174,2246,2301,2952,2718,2594,2104,2017,1644,1401,1180,1019,746,551,318,166,108
1971,36081,1,54761,53516,59313,60924,64526,58746,45194,40347,46634,52251,54200,55218,50855,38051,27047,17151,8777,4196
1971,36081,2,52287,51549,57630,61482,74771,58408,45151,43288,53443,62394,66073,65664,59441,49565,39909,26747,15233,8034
1971,36081,3,12599,14688,15671,13214,9321,7963,7948,7710,8147,8181,6791,4966,3654,2429,1438,793,342,205
1971,36081,4,12696,14544,15483,13763,11957,10546,10575,10240,10432,9693,8017,6127,4716,3391,2289,1385,733,527
1971,36081,5,1926,1555,1370,1280,1260,1702,2156,1567,1160,912,679,503,417,321,212,81,69,31
1971,36081,6,1853,1564,1384,1280,1701,2195,1940,1419,1193,813,641,514,402,308,239,134,81,45
1971,36085,1,12733,14252,14538,12300,10439,10026,8873,8235,8694,8512,7939,6781,5486,3891,2811,1990,1173,671
1971,36085,2,12192,13553,13680,11867,11767,10583,9014,8300,8787,8993,8474,7506,6305,4935,4032,3059,1865,1201
1971,36085,3,997,1162,1218,1174,790,598,520,416,392,327,253,200,152,101,85,43,17,14
1971,36085,4,947,1068,1025,951,908,717,612,515,432,429,360,266,208,151,102,63,39,20
1971,36085,5,147,122,107,93,77,77,107,99,58,54,32,41,28,24,15,8,11,4
1971,36085,6,130,105,91,86,110,122,105,97,75,43,39,20,28,12,17,8,5,2
1972,36005,1,43975,43267,44398,42806,43026,38063,29191,25316,25866,25770,26106,27273,27656,22295,16546,11163,6354,3332
1972,36005,2,42119,41582,42747,42802,45825,40559,31943,28734,29749,31363,33223,34869,34599,30343,24267,17155,10196,6327
1972,36005,3,21164,22099,20985,18560,14747,13515,12262,10242,9685,8285,6945,5449,4068,2868,1837,1005,460,253
1972,36005,4,20398,21413,21474,18880,19108,18502,16596,13956,12635,11212,9721,7645,5976,4362,2801,1715,916,635
1972,36005,5,1129,1033,967,937,862,811,851,680,541,440,350,255,195,156,104,67,26,18
1972,36005,6,1108,945,929,938,1011,972,928,727,588,464,364,279,227,167,112,81,42,34
1972,36047,1,69675,69232,74298,73176,74779,66244,48144,41648,46335,49834,52478,53354,50844,40368,29848,19367,10812,5505
1972,36047,2,67099,66127,71088,73971,78250,66217,49997,45651,51984,58996,63879,65006,61217,53349,42119,28743,16289,9366
1972,36047,3,38663,40169,39663,31878,24188,23051,22413,18835,17204,14663,11939,8884,6794,4732,2872,1575,683,424
1972,36047,4,38430,39763,39819,34893,33906,32850,30475,25904,22721,19451,16598,12768,10181,7269,4453,2512,1301,947
1972,36047,5,1716,1539,1613,1498,1444,1404,1516,1082,891,739,649,513,465,379,269,141,75,51
1972,36047,6,1642,1492,1458,1526,1700,1569,1497,1080,922,780,651,557,395,283,219,121,69,54
1972,36061,1,27234,26036,27566,29510,44165,55478,42603,35563,33939,31379,29030,27448,27213,25011,19275,12569,6987,3592
1972,36061,2,25702,24473,26506,29933,55337,61863,42665,33149,32034,33321,34233,35283,36784,35133,29258,20648,12132,7491
1972,36061,3,13236,14610,16197,14908,13063,12631,11970,11137,11118,10608,9914,8221,6974,5838,3868,2350,1073,607
1972,36061,4,13131,14319,15981,15775,15581,14431,13687,12731,12964,12922,12511,11286,10353,8622,5831,3681,2002,1371
1972,36061,5,2326,2440,2448,2541,2853,2718,2849,2392,2167,2025,1744,1480,1402,1294,929,597,273,132
1972,36061,6,2193,2190,2276,2350,2944,2850,2762,2170,2071,1729,1521,1249,1091,812,589,353,188,120
1972,36081,1,52309,51384,57996,60325,62795,62458,45846,39343,44777,50339,54026,53887,50024,37963,26612,17238,9118,4401
1972,36081,2,49897,49454,56389,60593,70879,61672,45881,42106,50952,60124,65837,64533,58977,49421,39755,27677,16096,8562
1972,36081,3,12750,14575,16349,14262,10012,8631,8266,8063,8329,8193,7240,5266,3893,2604,1525,853,362,224
1972,36081,4,12811,14490,16150,14825,12469,11132,11090,10637,10677,9869,8581,6525,5047,3601,2424,1502,791,556
1972,36081,5,2201,1835,1641,1516,1461,2011,2480,1831,1385,1077,823,593,480,373,240,99,74,34
1972,36081,6,2107,1828,1635,1510,1902,2518,2309,1663,1389,957,774,597,479,365,272,155,92,51
1972,36085,1,12394,13910,14758,12658,10433,10843,9277,8320,8595,8476,8113,6919,5541,3993,2793,1984,1190,704
1972,36085,2,11867,13221,13932,12200,11469,11343,9487,8408,8626,8947,8685,7602,6457,5060,4050,3165,2011,1315
1972,36085,3,1034,1181,1259,1263,855,665,563,445,415,325,283,209,157,110,85,45,19,15
1972,36085,4,991,1097,1089,1017,971,790,666,561,447,445,385,283,222,163,113,72,40,25
1972,36085,5,165,148,129,109,86,92,126,122,76,62,39,44,33,27,18,11,13,4
1972,36085,6,153,129,113,99,119,138,132,119,90,51,46,25,32,18,22,10,6,3
1973,36005,1,40643,40425,42578,41399,40757,36591,28952,23992,24124,24363,24794,25210,25684,21376,15831,10754,6341,3431
1973,36005,2,38984,38836,41070,41201,43082,39021,31922,27338,27900,29492,31606,32320,32576,29328,23532,17245,10420,6682
1973,36005,3,20291,21023,21122,18778,14666,13385,12330,10020,9701,8058,7081,5551,4161,2974,1908,1084,473,267
1973,36005,4,19597,20337,21575,19262,18667,18372,16777,13872,12560,11001,10041,7826,6153,4558,2960,1862,980,682
1973,36005,5,1084,994,960,920,835,800,871,676,557,440,357,263,196,161,109,71,27,20
1973,36005,6,1060,915,922,923,953,957,958,728,584,459,376,285,231,174,117,87,44,36
1973,36047,1,65493,65131,71060,70635,71467,65255,49095,39703,43218,47180,50531,50308,48609,39502,28893,18917,10805,5645
1973,36047,2,62884,62350,67747,71484,74503,65389,50885,43705,48442,55664,61371,61676,59010,52374,41179,29282,16734,9758
1973,36047,3,37751,38321,39896,32611,24346,22812,22795,18616,17366,14556,12367,9060,6977,4841,2966,1658,702,446
1973,36047,4,37546,38066,40062,35676,33752,32749,31029,25983,22896,19391,17286,13080,10538,7473,4677,2665,1339,999
1973,36047,5,1762,1579,1695,1575,1499,1480,1650,1131,973,798,713,543,489,395,283,156,79,53
1973,36047,6,1691,1517,1532,1596,1731,1667,1634,1130,979,826,722,587,428,308,238,133,75,58
1973,36061,1,25936,24905,26991,29249,43878,56983,44957,35665,33319,31246,29169,26593,26016,24139,18710,12429,7058,3665
1973,36061,2,24570,23422,25953,29622,53744,62810,45759,33435,31163,32553,33876,33844,35344,34284,28813,21064,12518,7817
1973,36061,3,12573,13728,15936,14977,12909,12608,11996,10926,11039,10262,10077,8257,6946,5861,3874,2461,1103,633
1973,36061,4,12448,13494,15726,15840,15260,14316,13637,12402,12722,12447,12607,11166,10369,8675,5919,3878,2046,1420
1973,36061,5,2298,2425,2502,2599,2871,2875,3002,2418,2276,2066,1856,1536,1422,1319,950,639,286,142
1973,36061,6,2190,2200,2314,2397,2959,2984,2959,2233,2148,1809,1657,1319,1164,879,629,391,212,132
1973,36081,1,48957,48708,55871,58868,61240,62212,47211,38237,42344,48180,52834,51920,48599,37884,26183,17328,9462,4607
1973,36081,2,46691,46816,54334,58835,68144,61283,47340,40802,47956,57435,64443,62639,57813,49288,39610,28616,16963,9089
1973,36081,3,12739,14301,16861,15054,10512,9142,8517,8260,8473,8117,7603,5494,4081,2776,1612,912,383,243
1973,36081,4,12757,14279,16657,15659,12895,11555,11538,10885,10911,9911,9109,6836,5310,3808,2557,1619,850,585
1973,36081,5,2460,2096,1916,1744,1649,2312,2810,2081,1619,1235,971,683,541,428,270,117,79,37
1973,36081,6,2343,2077,1888,1735,2103,2828,2700,1902,1596,1094,916,679,556,426,306,178,104,57
1973,36085,1,12055,13658,15030,13058,10628,11165,10001,8530,8532,8545,8277,7095,5629,4097,2778,1978,1207,738
1973,36085,2,11550,12969,14227,12574,11544,11634,10290,8636,8527,8993,8899,7739,6645,5186,4069,3272,2158,1429
1973,36085,3,1072,1205,1310,1352,918,736,611,473,445,326,313,219,163,119,85,49,21,14
1973,36085,4,1039,1131,1158,1085,1043,863,727,609,470,462,415,301,237,176,123,80,40,28
1973,36085,5,185,177,154,127,96,107,149,147,99,70,47,47,37,31,23,13,14,5
1973,36085,6,177,156,139,114,130,156,164,145,107,61,54,31,37,24,27,12,6,5
1974,36005,1,37747,38406,41326,40311,39146,36019,28458,23104,22750,23193,23735,23503,24073,20326,15537,10364,6328,3569
1974,36005,2,36222,36915,39898,39992,41226,38510,31716,26502,26479,27922,30241,30226,30994,28249,23175,17187,10764,7178
1974,36005,3,19472,20293,21386,19140,14695,13558,12453,9977,9728,7971,7131,5714,4300,3071,2006,1168,520,292
1974,36005,4,18828,19608,21774,19772,18407,18704,17072,14014,12539,10986,10260,8092,6399,4786,3222,2030,1064,751
1974,36005,5,1041,971,958,909,814,808,894,684,574,447,361,274,198,166,117,76,31,22
1974,36005,6,1015,900,919,913,906,967,995,741,582,462,383,294,236,182,127,94,46,40
1974,36047,1,62011,62391,68846,68725,69363,65912,49693,38505,40787,45019,49126,47975,47053,38610,28499,18512,10902,5775
1974,36047,2,59275,59924,65323,69749,72325,66324,51559,42689,45679,52936,59398,59217,57622,51697,40724,29303,17193,10323
1974,36047,3,36956,37143,40443,33647,24713,23128,23311,18753,17579,14712,12665,9352,7250,5003,3076,1769,740,468
1974,36047,4,36746,37047,40556,36765,33952,33522,31846,26526,23200,19693,17829,13561,11027,7829,4994,2893,1446,1077
1974,36047,5,1809,1638,1792,1669,1568,1593,1799,1201,1060,873,772,581,519,416,300,175,86,56
1974,36047,6,1740,1564,1617,1681,1780,1812,1790,1202,1043,888,790,626,468,340,262,151,85,65
1974,36061,1,24747,24137,26649,29089,44071,59651,46823,36263,33026,31261,29465,25953,25026,23134,18238,12418,7118,3715
1974,36061,2,23515,22733,25599,29457,52968,65146,48524,34275,30603,31941,33624,32674,34187,33541,28476,21131,13020,8116
1974,36061,3,11888,13015,15729,15123,12818,12829,12038,10873,10940,10057,10089,8363,6977,5805,3894,2543,1165,652
1974,36061,4,11732,12838,15497,15969,15032,14514,13640,12238,12486,12156,12538,11140,10472,8821,6178,4066,2129,1477
1974,36061,5,2256,2426,2562,2671,2902,3093,3162,2477,2382,2131,1945,1606,1454,1326,976,674,308,152
1974,36061,6,2171,2225,2354,2455,2989,3185,3172,2324,2224,1909,1775,1399,1249,958,688,429,241,147
1974,36081,1,45841,46751,54213,57580,60324,63162,47969,37625,40320,46232,51891,50367,47557,37747,26344,17397,9748,4920
1974,36081,2,43658,44910,52682,57344,66433,62182,48334,40124,45433,55016,63213,61237,57095,49377,39915,29410,17893,10023
1974,36081,3,12677,14172,17385,15877,11011,9796,8746,8544,8578,8132,7833,5754,4292,2936,1763,1003,434,281
1974,36081,4,12645,14219,17147,16516,13357,12200,11986,11245,11132,10074,9497,7189,5603,4129,2797,1805,951,663
1974,36081,5,2716,2382,2211,1994,1850,2679,3160,2373,1863,1412,1112,784,610,486,312,143,91,43
1974,36081,6,2572,2352,2157,1979,2322,3219,3128,2178,1814,1251,1055,771,642,507,357,212,122,68
1974,36085,1,11582,13393,15197,13301,10767,11533,10458,8726,8421,8521,8354,7219,5673,4271,2838,1987,1225,782
1974,36085,2,11092,12715,14407,12815,11613,11992,10852,8871,8381,8941,9002,7819,6784,5368,4161,3372,2305,1564
1974,36085,3,1093,1222,1342,1422,972,807,650,498,463,326,336,228,169,128,85,56,28,20
1974,36085,4,1065,1159,1209,1140,1105,943,776,653,485,477,433,315,249,186,134,93,43,33
1974,36085,5,202,206,178,145,105,124,171,174,122,78,54,50,42,35,27,17,17,7
1974,36085,6,200,184,164,127,139,176,197,173,124,71,62,38,42,31,32,16,8,7
1975,36005,1,34928,37038,39744,39083,37768,35523,27862,22225,21421,22144,22521,21880,22545,19274,15240,9971,6312,3706
1975,36005,2,33542,35569,38474,38686,39657,38103,31355,25663,25108,26483,28727,28236,29508,27172,22811,17125,11105,7662
1975,36005,3,18784,19902,21722,19506,14900,13869,12658,10058,9670,7999,7124,5887,4445,3166,2104,1251,567,314
1975,36005,4,18188,19166,22051,20270,18349,19188,17494,14337,12412,11127,10366,8371,6652,5012,3480,2197,1144,817
1975,36005,5,1006,963,959,897,802,823,924,701,586,460,361,285,201,171,124,81,35,25
1975,36005,6,977,896,919,900,870,984,1040,763,576,471,387,303,242,189,137,100,49,43
1975,36047,1,58503,60603,65991,66493,67562,66638,50052,37267,38353,43011,47317,45709,45562,37706,28096,18102,10997,5902
1975,36047,2,55663,58336,62403,67746,70535,67376,51935,41606,42914,50359,57026,56838,56311,51008,40257,29315,17648,10869
1975,36047,3,36353,36535,41098,34663,25354,23657,23963,19105,17618,15067,12845,9654,7532,5165,3186,1878,777,489
1975,36047,4,36142,36520,41169,37814,34488,34549,32879,27393,23282,20260,18164,14058,11531,8179,5308,3121,1547,1153
1975,36047,5,1863,1717,1897,1766,1657,1724,1965,1288,1139,963,825,622,552,437,316,194,92,59
1975,36047,6,1796,1628,1708,1767,1848,1978,1966,1290,1098,965,851,667,510,374,287,169,95,71
1975,36061,1,22970,23165,25430,28101,43397,60963,47356,35989,31950,30646,28817,24736,23480,22129,17766,12407,7176,3765
1975,36061,2,21906,21824,24447,28483,51224,66057,49868,34277,29322,30664,32351,30778,32270,32798,28137,21199,13522,8412
1975,36061,3,10996,12199,15202,14908,12574,12858,11866,10685,10484,9751,9784,8281,6851,5748,3914,2622,1224,671
1975,36061,4,10820,12058,14956,15710,14601,14465,13413,11930,11848,11741,12049,10866,10340,8964,6432,4252,2207,1531
1975,36061,5,2166,2396,2566,2679,2897,3272,3268,2505,2405,2172,1970,1641,1454,1333,1002,710,330,161
1975,36061,6,2103,2216,2344,2452,2976,3338,3332,2384,2222,1985,1829,1448,1307,1039,750,469,271,161
1975,36081,1,42705,45497,52033,56000,59636,64151,48476,36973,38284,44428,50496,48868,46565,37628,26517,17474,10039,5234
1975,36081,2,40619,43615,50612,55617,65059,63166,49032,39376,42898,52738,61534,59900,56436,49489,40237,30218,18830,10960
1975,36081,3,12659,14246,17923,16662,11605,10530,9003,8906,8583,8249,7974,6013,4504,3095,1911,1094,485,318
1975,36081,4,12583,14334,17662,17325,13928,12923,12483,11721,11232,10360,9759,7542,5894,4445,3035,1990,1050,739
1975,36081,5,2991,2712,2529,2258,2082,3102,3550,2713,2096,1616,1250,892,683,548,358,171,103,49
1975,36081,6,2817,2667,2445,2236,2574,3666,3608,2500,2023,1433,1190,870,736,594,411,247,141,81
1975,36085,1,11060,13287,15152,13417,10900,11863,10819,8885,8277,8493,8327,7322,5703,4449,2901,1996,1245,825
1975,36085,2,10591,12597,14411,12948,11700,12321,11303,9065,8205,8880,9004,7878,6903,5554,4256,3476,2455,1699
1975,36085,3,1111,1252,1369,1486,1028,882,687,524,472,329,352,236,172,136,84,61,33,26
1975,36085,4,1089,1195,1255,1187,1172,1028,823,698,490,496,442,330,260,196,143,106,47,36
1975,36085,5,220,239,204,164,115,143,195,204,145,88,61,53,47,39,32,22,21,10
1975,36085,6,224,215,192,141,149,197,235,204,140,83,69,44,48,38,38,20,9,10
1976,36005,1,32168,35452,37729,38417,36547,34904,26312,21208,20209,21101,21684,21101,21308,18315,14834,9698,6350,3710
1976,36005,2,30978,34047,36425,38104,38569,37660,29789,24624,23861,25345,27686,27211,27936,26316,22292,16769,11123,7530
1976,36005,3,18168,19462,21511,20254,15172,14293,12300,10192,9602,7930,7237,6102,4605,3259,2254,1279,604,323
1976,36005,4,17554,18810,21747,20936,18899,19705,17006,14648,12561,11124,10614,8784,6947,5318,3688,2354,1213,909
1976,36005,5,974,952,936,901,794,845,912,722,598,468,367,298,205,175,134,83,38,27
1976,36005,6,939,897,895,893,862,1002,1031,785,582,474,395,316,249,200,145,106,50,48
1976,36047,1,55211,59127,62798,65135,66109,67139,49060,36503,36566,40940,45695,44711,43868,36951,27601,17911,10980,5902
1976,36047,2,52554,56675,59650,66215,69303,68160,50999,40645,41073,47901,55196,55418,54415,51024,39645,28894,17684,10554
1976,36047,3,35458,36311,40534,35924,26426,25113,23394,19476,17732,15168,13122,10199,7802,5366,3307,1978,841,518
1976,36047,4,35339,36357,40642,39087,35771,36246,32231,28046,23779,20510,18794,14823,12026,8784,5561,3454,1652,1203
1976,36047,5,1899,1813,1946,1878,1777,1932,2032,1378,1223,1039,887,680,584,462,335,214,103,63
1976,36047,6,1839,1707,1753,1866,1957,2191,2043,1372,1174,1028,929,723,554,422,310,194,106,76
1976,36061,1,22206,23037,24812,28197,43519,63446,47998,36684,31669,30501,28973,24982,22975,20950,17330,12348,7153,3832
1976,36061,2,21193,21749,23884,28668,51483,68746,50486,35399,29350,30129,32084,30657,31360,31643,27720,21194,13628,8210
1976,36061,3,10677,11874,14737,15016,12862,13300,11598,10645,10332,9604,9685,8438,6918,5764,4014,2667,1300,686
1976,36061,4,10488,11724,14570,15797,14769,14907,12995,11845,11627,11380,11914,11006,10332,9051,6641,4446,2288,1546
1976,36061,5,2180,2452,2577,2745,3015,3567,3345,2567,2495,2245,2035,1724,1493,1357,1048,738,357,170
1976,36061,6,2137,2279,2354,2504,3086,3611,3441,2487,2291,2063,1933,1551,1381,1117,810,512,303,172
1976,36081,1,40401,44661,50005,55350,59163,65362,48055,36832,37111,42648,48957,48186,45431,37358,26901,17520,10336,5452
1976,36081,2,38440,42788,48595,54925,64398,64717,48546,39183,41528,50386,59852,59052,55410,49696,40379,30401,19252,11508
1976,36081,3,12574,14433,18077,17443,12178,11163,9106,9163,8805,8321,8114,6411,4772,3273,2067,1179,545,332
1976,36081,4,12520,14486,17860,18096,14547,13761,12675,12268,11553,10523,10147,8099,6256,4775,3318,2120,1140,803
1976,36081,5,3257,3082,2809,2540,2327,3534,3904,3049,2401,1822,1395,1031,771,619,409,202,117,52
1976,36081,6,3069,3005,2704,2506,2851,4184,4036,2864,2284,1607,1349,1001,846,692,475,279,161,93
1976,36085,1,10542,13184,14858,13740,11162,12323,11000,9224,8265,8395,8362,7409,5838,4659,2957,2006,1240,808
1976,36085,2,10112,12462,14130,13252,11920,12895,11550,9429,8212,8745,9015,8005,7047,5819,4345,3461,2445,1759
1976,36085,3,1128,1266,1390,1498,1061,955,718,552,485,352,362,258,173,143,101,68,38,29
1976,36085,4,1103,1228,1295,1255,1221,1111,864,742,524,512,461,351,278,213,160,112,60,37
1976,36085,5,238,272,229,177,123,164,219,238,171,103,68,60,51,44,44,28,23,13
1976,36085,6,247,249,220,159,158,219,274,239,165,94,77,53,55,49,46,23,14,11
1977,36005,1,30022,32819,35179,36712,34916,31747,26216,20172,18866,19698,20395,20035,19784,17309,14196,9556,6144,3879
1977,36005,2,28956,31531,33860,36544,37055,34509,29789,23556,22455,23813,26002,25815,25988,25433,21606,16697,11230,7871
1977,36005,3,17740,18707,20846,20502,15357,14045,12295,10261,9481,7772,7191,6233,4702,3379,2301,1333,657,335
1977,36005,4,17069,18140,21024,21162,19364,19344,16966,14842,12613,11034,10624,9073,7145,5719,3946,2492,1294,996
1977,36005,5,952,926,893,881,780,828,926,738,606,470,365,308,205,181,139,86,42,29
1977,36005,6,910,881,854,865,848,976,1049,800,584,474,395,325,252,215,154,111,52,52
1977,36047,1,52985,55997,58795,62094,64006,62840,50874,35734,34578,38216,43181,43160,41632,36317,27081,17576,10825,6018
1977,36047,2,50373,53443,56125,63065,67401,64122,52833,39671,39002,44759,52151,53315,51847,49833,39207,29032,17979,10907
1977,36047,3,34971,35557,39167,36347,27389,25429,23522,19747,17765,15120,13125,10615,7973,5640,3407,2030,886,537
1977,36047,4,34865,35643,39386,39591,36939,36390,32468,28513,24126,20624,19036,15402,12370,9480,5832,3673,1749,1306
1977,36047,5,1955,1880,1953,1948,1894,2060,2159,1464,1303,1105,932,731,610,494,351,229,111,66
1977,36047,6,1897,1758,1764,1930,2064,2317,2175,1447,1245,1086,990,771,593,478,336,214,117,85
1977,36061,1,21833,22253,23847,27550,43192,61350,51383,37320,31167,29848,28540,24898,22167,20090,16831,12074,7031,4016
1977,36061,2,20818,21062,22986,28141,51213,66528,53840,36450,29168,29137,31087,30132,30035,30456,27087,21312,13892,8544
1977,36061,3,10474,11369,13973,14758,13085,13123,11666,10548,10131,9358,9384,8484,6894,5825,3974,2681,1342,724
1977,36061,4,10252,11204,13912,15558,14878,14697,12927,11678,11329,10943,11524,11001,10190,9324,6740,4582,2395,1594
1977,36061,5,2216,2464,2528,2745,3120,3702,3519,2615,2570,2293,2055,1786,1514,1391,1059,757,375,186
1977,36061,6,2187,2299,2316,2503,3184,3732,3640,2572,2342,2120,1992,1636,1436,1221,858,549,341,187
1977,36081,1,39183,42926,47709,53704,58576,62389,50780,36955,36006,40517,46836,47280,44084,36943,27032,17347,10493,5665
1977,36081,2,37231,41116,46316,53322,63617,62178,51094,39265,40233,47698,57311,57933,54128,49366,40572,30748,19807,12293
1977,36081,3,12704,14510,18007,17946,12790,11361,9509,9423,9034,8367,8144,6770,5014,3396,2210,1281,581,385
1977,36081,4,12647,14523,17868,18644,15224,14098,13260,12800,11874,10689,10397,8611,6580,5185,3500,2239,1262,884
1977,36081,5,3591,3447,3061,2797,2596,3854,4423,3411,2731,2034,1526,1175,860,683,461,238,127,60
1977,36081,6,3377,3335,2942,2760,3156,4583,4630,3257,2564,1792,1499,1135,959,811,529,311,186,107
1977,36085,1,10367,12899,14571,13905,11471,12065,11969,9670,8313,8280,8346,7505,5978,4807,3094,1955,1278,814
1977,36085,2,9944,12159,13857,13419,12187,12727,12589,9900,8277,8603,8953,8142,7199,6072,4528,3530,2515,1877
1977,36085,3,1171,1278,1399,1496,1103,997,775,579,498,374,372,280,173,156,103,77,34,33
1977,36085,4,1138,1256,1329,1315,1284,1160,934,787,556,530,474,372,295,231,168,120,63,39
1977,36085,5,262,305,255,189,133,179,254,276,201,121,74,66,56,50,53,35,20,17
1977,36085,6,276,284,249,176,168,235,328,278,194,107,85,62,62,60,53,26,16,14
1978,36005,1,28432,30119,32779,35044,33207,29604,24797,19748,17776,18324,19297,19046,18344,16208,13638,9568,5968,3947
1978,36005,2,27488,28968,31428,34970,35528,32437,28364,23189,21323,22380,24500,24520,24148,24210,21180,16590,11135,8098
1978,36005,3,17501,17957,20202,20830,15353,13925,12273,10424,9352,7709,7161,6380,4812,3478,2394,1400,686,374
1978,36005,4,16788,17459,20332,21444,19741,19096,16907,15181,12671,11080,10620,9384,7363,5975,4145,2704,1412,1063
1978,36005,5,941,899,852,865,757,818,939,762,612,477,364,318,205,185,147,89,45,34
1978,36005,6,892,863,816,839,830,955,1066,824,585,480,394,335,255,223,162,118,55,56
1978,36047,1,51445,52439,54729,58803,61421,60128,49890,35863,32868,35353,40842,41542,39343,35463,26658,17583,10647,6170
1978,36047,2,48881,49839,52510,59573,65118,61675,51896,39675,37202,41576,49196,51132,49208,48119,38965,29380,18305,11206
1978,36047,3,34665,34626,37650,36724,27873,25812,23494,20094,17682,15173,13092,11001,8126,5919,3501,2128,898,572
1978,36047,4,34618,34718,37996,39994,37750,36525,32494,29108,24346,20884,19144,15939,12681,9906,6124,3945,1812,1396
1978,36047,5,2018,1933,1947,2017,1980,2196,2273,1558,1375,1180,973,782,634,527,368,250,116,71
1978,36047,6,1965,1796,1764,1990,2152,2444,2295,1530,1311,1153,1045,818,632,522,363,238,126,93
1978,36061,1,21738,21289,22839,26782,42533,60712,51981,38907,30895,29063,28202,24768,21323,19205,16435,12014,6970,4065
1978,36061,2,20722,20221,22039,27449,50649,65873,54399,38410,29168,28101,30129,29554,28663,29429,26668,21526,14039,8843
1978,36061,3,10328,10812,13163,14491,13083,12995,11655,10500,9872,9180,9065,8511,6856,5851,3995,2672,1390,776
1978,36061,4,10085,10626,13216,15287,14845,14491,12777,11570,10985,10589,11073,10971,10028,9285,6886,4722,2439,1681
1978,36061,5,2262,2457,2463,2740,3174,3852,3673,2674,2627,2354,2066,1845,1532,1417,1087,769,396,205
1978,36061,6,2249,2298,2265,2497,3253,3852,3818,2669,2380,2187,2033,1719,1487,1287,913,590,372,207
1978,36081,1,38612,40997,45502,52016,57757,61166,50935,38163,35306,38356,45058,46465,42824,36429,26949,17672,10403,5946
1978,36081,2,36663,39282,44108,51603,62707,61352,51181,40475,39351,45117,55052,56922,52948,48758,40619,31283,20249,13026
1978,36081,3,12929,14555,17917,18487,13223,11621,9856,9735,9216,8496,8179,7132,5259,3560,2322,1364,610,432
1978,36081,4,12887,14519,17865,19210,15807,14464,13776,13418,12168,10971,10611,9128,6910,5475,3681,2382,1374,916
1978,36081,5,3972,3823,3314,3074,2843,4214,4961,3822,3073,2277,1662,1330,955,760,509,274,135,67
1978,36081,6,3733,3668,3184,3030,3460,5016,5254,3704,2856,2006,1651,1280,1081,920,587,349,211,117
1978,36085,1,10445,12656,14420,14166,11827,12229,12437,10489,8519,8223,8456,7674,6178,4849,3287,2072,1242,870
1978,36085,2,10028,11905,13708,13663,12532,12999,13134,10745,8493,8548,9003,8358,7422,6202,4755,3630,2585,1997
1978,36085,3,1231,1296,1418,1511,1141,1053,835,613,512,402,382,305,175,155,110,82,35,35
1978,36085,4,1190,1289,1369,1386,1351,1221,1004,843,591,557,490,396,315,234,183,132,70,40
1978,36085,5,292,343,283,203,142,199,293,323,234,142,82,74,61,52,64,42,21,20
1978,36085,6,313,324,282,197,179,255,389,324,225,123,94,73,71,70,63,31,19,17
1979,36005,1,27326,27565,30901,33719,31757,27957,23927,19128,16951,17169,18315,18262,17101,15440,13046,9548,5756,4072
1979,36005,2,26511,26519,29522,33692,34179,30867,27572,22616,20527,21194,23137,23490,22570,23038,20584,16650,10954,8460
1979,36005,3,17697,17238,19873,21313,15520,13953,12555,10668,9402,7662,7254,6595,4972,3606,2426,1467,729,401
1979,36005,4,16942,16795,19967,21830,20253,19030,17258,15648,12943,11163,10790,9797,7659,6192,4259,2870,1538,1098
1979,36005,5,953,872,826,853,741,816,976,792,631,486,370,332,208,192,151,93,49,38
1979,36005,6,897,845,790,817,815,944,1108,855,597,487,400,349,261,230,165,124,59,58
1979,36047,1,50830,49144,51563,56113,59337,58439,49997,35668,31664,32935,38765,40385,37496,34749,25991,17756,10396,6370
1979,36047,2,48306,46445,49795,56616,63181,60197,52106,39347,36005,38878,46542,49516,47121,46690,38775,29754,18282,11668
1979,36047,3,35234,33759,36739,37371,28653,26456,24049,20593,17942,15263,13283,11499,8363,6198,3671,2210,926,619
1979,36047,4,35280,33833,37226,40591,38812,37003,33310,29944,24981,21214,19564,16641,13126,10472,6326,4237,1876,1498
1979,36047,5,2134,1985,1969,2103,2091,2361,2447,1667,1475,1258,1033,844,667,562,393,270,122,77
1979,36047,6,2086,1831,1789,2060,2258,2597,2475,1628,1401,1226,1118,876,678,576,385,265,136,103
1979,36061,1,21919,20305,22070,26127,41972,60738,53388,39947,30933,28460,27873,24766,20595,18878,15875,11976,6969,4181
1979,36061,2,20904,19339,21338,26834,50056,65860,55822,39865,29479,27221,29174,29133,27451,28579,26214,21669,14080,9337
1979,36061,3,10383,10225,12501,14252,13148,12928,11864,10471,9752,8973,8856,8579,6854,5873,4012,2706,1385,812
1979,36061,4,10125,10010,12664,15006,14830,14344,12861,11492,10771,10216,10751,10996,9921,9341,6987,4913,2458,1767
1979,36061,5,2352,2433,2416,2740,3243,4021,3902,2740,2719,2405,2100,1915,1557,1444,1114,795,402,221
1979,36061,6,2358,2278,2234,2487,3327,3988,4071,2774,2441,2242,2093,1811,1545,1367,965,638,401,229
1979,36081,1,38347,38839,43561,50316,56815,60348,51678,38667,34797,36271,43098,45689,41599,35791,26773,18095,10285,6200
1979,36081,2,36414,37194,42190,49804,61488,60857,51872,40968,38704,42579,52556,55957,51813,48404,40500,31880,20363,13688
1979,36081,3,13336,14463,17919,18970,13655,11868,10324,10005,9465,8550,8267,7489,5504,3721,2474,1420,651,465
1979,36081,4,13322,14371,17962,19669,16327,14800,14454,13991,12533,11175,10884,9643,7237,5761,3891,2565,1427,1007
1979,36081,5,4437,4176,3591,3356,3104,4593,5611,4248,3465,2514,1816,1496,1056,841,570,307,146,73
1979,36081,6,4173,3974,3451,3296,3767,5464,6001,4176,3184,2218,1820,1435,1212,1037,653,395,229,135
1979,36085,1,10577,12296,14304,14376,12122,12434,13008,11096,8749,8153,8505,7825,6364,5037,3438,2156,1259,899
1979,36085,2,10170,11527,13600,13836,12774,13299,13789,11382,8736,8473,8982,8556,7629,6511,4986,3733,2601,2168
1979,36085,3,1306,1298,1439,1515,1175,1105,904,640,526,425,395,330,176,181,105,80,40,34
1979,36085,4,1258,1306,1414,1447,1408,1278,1083,893,626,578,507,420,334,252,184,147,76,41
1979,36085,5,329,378,313,217,151,219,338,371,271,164,90,81,66,63,70,45,23,21
1979,36085,6,356,361,317,216,189,274,459,373,261,139,104,84,80,84,68,37,22,20
