1980,36005,White male,26341,25213,29322,32269,30544,26767,23279,18536,16171,16021,17500,17555,16135,14750,12524,9425,5603,4029
1980,36005,White female,25570,24186,27953,32322,33040,29713,26876,21998,19729,19904,21978,22580,21335,21919,20032,16455,10927,8640
1980,36005,Black male,18324,16994,19967,21900,15964,14568,13422,11316,9730,7708,7487,6791,5140,3657,2486,1548,760,430
1980,36005,Black female,17584,16637,19946,22371,20933,19587,18285,16450,13418,11250,11147,10162,7950,6303,4409,3058,1606,1192
1980,36005,Other races male,998,869,838,875,757,859,1070,866,678,505,386,347,216,196,154,95,51,40
1980,36005,Other races female,932,850,796,824,833,985,1201,916,627,501,423,368,271,237,169,129,60,59
1980,36047,White male,49916,45922,49159,53494,57652,57424,50301,35583,30755,30761,37148,39358,36222,33539,25543,17652,10204,6423
1980,36047,White female,47504,43188,47663,53854,61600,59257,52427,39146,35089,36313,44423,48197,45688,45382,38325,29697,18245,12046
1980,36047,Black male,36949,33908,36952,38621,29911,28040,25771,21972,18786,15526,13846,12039,8685,6415,3809,2289,993,666
1980,36047,Black female,36974,33918,37482,41904,40352,38638,35438,31552,26052,21576,20435,17354,13659,10804,6729,4446,2056,1608
1980,36047,Other races male,2294,2049,2047,2231,2250,2627,2783,1897,1651,1350,1125,916,715,590,406,282,130,82
1980,36047,Other races female,2246,1882,1866,2163,2412,2851,2778,1815,1538,1291,1220,954,737,621,412,279,149,109
1980,36061,White male,22010,19271,21491,25329,41455,60911,54592,40693,30899,27738,27673,24785,20213,18369,15453,11816,6964,4232
1980,36061,White female,20996,18409,20784,26177,49525,65936,57012,40956,29800,26375,28447,28782,26600,27594,25772,21561,14119,9730
1980,36061,Black male,10719,9986,12169,14207,13378,13322,12580,10844,9915,8827,8856,8627,6876,5837,4015,2727,1424,842
1980,36061,Black female,10451,9715,12373,14916,15009,14656,13409,11755,10786,9894,10723,11004,9879,9227,7095,5042,2569,1845
1980,36061,Other races male,2481,2436,2466,2841,3351,4253,4252,2922,2875,2455,2157,1969,1595,1450,1123,807,415,231
1980,36061,Other races female,2493,2282,2290,2592,3515,4238,4437,2970,2569,2287,2204,1924,1618,1415,1008,673,430,246
1980,36081,White male,37975,36662,42149,48458,55911,59906,52342,38967,34189,34193,41434,44766,40656,35186,26740,18285,10333,6397
1980,36081,White female,36046,35077,40717,47977,60292,60513,52473,41237,37965,40003,50345,54869,50913,47807,40447,32118,20585,14444
1980,36081,Black male,13944,14500,18017,19436,14190,12508,11221,10576,9894,8613,8494,7766,5714,3850,2573,1488,704,509
1980,36081,Black female,13961,14359,18103,20125,16953,15529,15487,14707,12994,11267,11292,10052,7545,5996,4155,2704,1529,1093
1980,36081,Other races male,4941,4498,3937,3697,3446,5151,6529,4889,3976,2784,2034,1679,1185,927,626,347,162,81
1980,36081,Other races female,4647,4249,3768,3603,4140,6054,6928,4779,3585,2438,2062,1622,1368,1158,737,439,253,151
1980,36085,White male,10702,11877,14255,14405,12389,12682,13493,11519,8927,8057,8558,7942,6554,5127,3565,2205,1287,939
1980,36085,White female,10293,11102,13529,13881,12994,13594,14332,11858,8961,8369,8975,8709,7828,6643,5164,3839,2645,2266
1980,36085,Black male,1398,1314,1473,1533,1216,1179,1000,689,556,443,418,350,184,181,110,70,48,27
1980,36085,Black female,1344,1327,1458,1509,1470,1357,1185,957,669,594,531,443,354,261,195,145,79,49
1980,36085,Other races male,370,410,348,240,169,247,395,428,317,190,104,91,73,67,80,44,28,18
1980,36085,Other races female,399,394,358,243,207,303,536,428,303,160,122,97,89,95,76,40,25,26
1981,36005,White male,26096,23664,28497,31236,30624,26733,23888,18511,15971,15243,16910,17033,16040,14189,12121,9142,5453,4001
1981,36005,White female,25301,22679,27214,31266,33040,29528,27443,21893,19404,18857,21153,21976,21151,21059,19487,16085,10738,8858
1981,36005,Black male,18874,16689,19846,22088,16847,15486,14520,11452,9943,7875,7574,6862,5243,3755,2560,1604,785,473
1981,36005,Black female,18134,16351,19803,22411,21532,20298,19514,16435,13715,11441,11221,10277,8144,6479,4611,3168,1681,1296
1981,36005,Other races male,1122,941,940,1002,885,993,1247,969,756,564,427,379,246,214,162,98,52,40
1981,36005,Other races female,1049,914,891,927,960,1127,1377,1011,702,553,473,415,302,261,184,134,63,60
1981,36047,White male,49471,43344,48520,52430,57905,57292,51954,36456,31266,29587,35985,38125,36195,32635,25214,17567,10110,6500
1981,36047,White female,47076,40820,46965,52639,61551,58801,53937,39855,35332,34657,42786,46843,45547,44190,38009,29634,18307,12568
1981,36047,Black male,37386,33118,37049,39205,31088,29173,27605,22204,19210,15813,14174,12369,9044,6633,4024,2427,1054,721
1981,36047,Black female,37311,33074,37583,42419,41435,39714,37867,31748,26691,21956,20815,17835,14215,11229,7256,4752,2253,1778
1981,36047,Other races male,2607,2201,2327,2578,2653,3058,3371,2285,1925,1517,1272,1054,832,645,445,302,135,88
1981,36047,Other races female,2523,2033,2133,2424,2765,3244,3284,2156,1775,1414,1368,1106,851,694,465,306,163,119
1981,36061,White male,21933,18129,20951,24664,41543,60264,56048,40986,31153,26976,27234,24573,20727,18046,15133,11539,6830,4303
1981,36061,White female,20949,17318,20229,25642,49635,64993,58233,41303,30530,26071,27965,28322,26708,26794,25206,21145,13970,10111
1981,36061,Black male,11018,9836,12133,14277,13658,13634,13254,10735,9864,8650,8715,8480,6842,5749,4004,2713,1399,871
1981,36061,Black female,10733,9571,12276,14889,15299,14921,14186,11764,10845,9789,10583,10827,9818,9136,7153,5065,2633,1944
1981,36061,Other races male,2535,2382,2565,3002,3590,4429,4561,3083,2973,2470,2163,2013,1677,1456,1134,814,412,233
1981,36061,Other races female,2541,2229,2384,2758,3831,4498,4777,3149,2674,2278,2268,2040,1706,1469,1065,715,440,269
1981,36081,White male,37816,34419,41284,47301,56414,60203,54369,39638,34311,32863,40198,43415,40714,34476,26580,18249,10297,6493
1981,36081,White female,35896,32913,39793,46727,60342,60300,54204,41660,37852,38223,48513,53393,50914,46845,40312,32086,20604,15086
1981,36081,Black male,14301,14152,17891,19605,14890,13306,12261,10675,10072,8731,8629,7898,5888,4024,2695,1565,740,540
1981,36081,Black female,14283,14016,17956,20226,17663,16307,16595,14695,13237,11443,11432,10251,7861,6250,4395,2855,1612,1186
1981,36081,Other races male,5451,4755,4486,4345,4196,6025,7705,5634,4559,3218,2391,1953,1425,1076,728,406,187,93
1981,36081,Other races female,5141,4486,4250,4135,4826,6778,7937,5444,4117,2820,2449,1939,1626,1338,866,517,283,166
1981,36085,White male,10859,11237,13976,14170,12773,12890,14024,11605,9155,8000,8512,7916,6746,5161,3643,2268,1304,946
1981,36085,White female,10420,10497,13262,13668,13313,13720,14834,12009,9269,8326,8885,8697,7993,6674,5335,3967,2690,2342
1981,36085,Black male,1441,1294,1482,1546,1243,1214,1070,707,578,452,425,356,202,185,113,72,48,27
1981,36085,Black female,1378,1296,1455,1522,1508,1392,1267,965,704,603,543,457,369,271,209,148,82,54
1981,36085,Other races male,410,435,395,301,222,289,444,458,361,233,135,108,83,73,83,48,29,20
1981,36085,Other races female,427,413,411,299,256,344,584,467,355,200,152,118,101,108,84,50,29,28
1982,36005,White male,25869,23113,27288,30208,30520,26851,23162,19674,16004,14733,16196,16597,15866,13816,11758,8939,5336,3984
1982,36005,White female,25061,22113,26107,30147,32893,29552,26467,23159,19366,18152,20181,21433,20895,20428,18927,15837,10630,9082
1982,36005,Black male,19411,17008,19655,22120,17740,16572,15078,12031,10269,8102,7639,6966,5351,3888,2643,1670,815,519
1982,36005,Black female,18692,16646,19594,22304,22111,21240,20054,17048,14144,11728,11265,10432,8352,6669,4826,3299,1778,1412
1982,36005,Other races male,1250,1016,1038,1117,1013,1130,1394,1096,837,632,468,411,278,232,170,104,52,41
1982,36005,Other races female,1169,979,985,1025,1088,1276,1511,1136,785,606,521,464,332,286,202,139,68,62
1982,36047,White male,48949,42480,47105,51247,57681,57365,50601,39634,32150,28847,34467,36995,35913,32076,24912,17597,10047,6583
1982,36047,White female,46600,40029,45517,51184,61079,58634,52306,43023,36003,33531,40746,45498,45150,43361,37584,29731,18463,13083
1982,36047,Black male,37750,33518,36937,39431,32220,30574,28368,23259,19821,16199,14434,12738,9397,6896,4243,2578,1121,780
1982,36047,Black female,37620,33354,37473,42568,42395,41169,38902,33098,27543,22486,21100,18356,14775,11661,7795,5087,2474,1962
1982,36047,Other races male,2933,2360,2597,2894,3064,3498,3876,2727,2199,1702,1421,1196,958,706,490,327,141,99
1982,36047,Other races female,2806,2186,2392,2667,3116,3655,3681,2560,2033,1543,1508,1270,970,774,526,338,181,133
1982,36061,White male,21772,17674,20038,23895,41203,59702,54141,43731,31697,26522,26460,24378,21064,17875,14794,11308,6701,4364
1982,36061,White female,20833,16869,19317,24944,49310,64233,55949,44070,31521,26040,27150,27815,26613,26160,24511,20789,13860,10455
1982,36061,Black male,11262,10010,12001,14179,13878,14032,13373,11003,9890,8517,8516,8330,6784,5686,3984,2704,1381,901
1982,36061,Black female,10972,9721,12084,14697,15502,15289,14399,12168,10964,9736,10372,10642,9730,9028,7190,5103,2718,2054
1982,36061,Other races male,2595,2341,2636,3107,3817,4615,4727,3316,3068,2516,2174,2059,1769,1470,1153,834,409,250
1982,36061,Other races female,2590,2186,2456,2893,4125,4769,4937,3410,2814,2286,2313,2165,1796,1530,1131,764,457,294
1982,36081,White male,37551,33517,39704,45975,56393,60645,53195,42751,34808,31974,38508,42117,40430,34080,26411,18306,10279,6585
1982,36081,White female,35664,32007,38183,45205,59898,60308,52726,44578,38150,36982,46158,51855,50563,46196,40008,32180,20699,15701
1982,36081,Black male,14607,14296,17642,19566,15551,14215,12821,11159,10334,8893,8711,8043,6052,4218,2817,1649,778,573
1982,36081,Black female,14574,14133,17686,20125,18303,17223,17078,15202,13566,11684,11501,10456,8167,6498,4635,3019,1710,1290
1982,36081,Other races male,5977,5026,5007,4941,4957,6909,8677,6510,5135,3684,2740,2229,1680,1231,837,471,213,111
1982,36081,Other races female,5643,4728,4709,4632,5507,7531,8673,6264,4693,3202,2818,2273,1889,1526,1005,602,316,184
1982,36085,White male,10971,11016,13437,13869,13035,13113,13709,12384,9467,8022,8355,7891,6878,5236,3718,2339,1322,953
1982,36085,White female,10509,10271,12749,13361,13520,13879,14439,12865,9661,8370,8683,8667,8098,6740,5479,4107,2740,2408
1982,36085,Black male,1476,1319,1477,1540,1265,1257,1098,749,603,464,429,363,219,191,117,75,48,29
1982,36085,Black female,1406,1307,1440,1519,1539,1435,1300,1005,741,616,554,469,384,279,220,151,86,57
1982,36085,Other races male,451,462,439,356,273,332,481,500,404,276,167,126,96,79,87,51,29,22
1982,36085,Other races female,457,434,462,350,303,388,611,519,410,237,181,139,113,120,94,61,33,32
1983,36005,White male,26048,23164,26274,29327,30706,27311,23216,19947,16623,14608,15514,16469,15646,13524,11416,8775,5288,3979
1983,36005,White female,25201,22132,25207,29145,32961,29909,26392,23381,20025,17928,19288,21195,20633,19880,18387,15686,10583,9319
1983,36005,Black male,20204,17630,19620,22163,18891,17794,15804,12652,10696,8490,7756,7106,5524,4025,2724,1738,855,567
1983,36005,Black female,19471,17248,19549,22234,22932,22354,20771,17687,14717,12264,11358,10627,8662,6868,5030,3451,1882,1529
1983,36005,Other races male,1386,1098,1127,1212,1153,1267,1549,1227,928,705,512,439,312,251,176,108,55,41
1983,36005,Other races female,1299,1056,1071,1115,1215,1422,1647,1264,881,667,568,514,365,306,218,148,73,66
1983,36047,White male,49043,42582,45862,50146,57807,57980,50787,40948,34129,28762,32907,36415,35400,31602,24575,17646,10086,6667
1983,36047,White female,46683,40170,44266,49760,60788,58930,52277,44162,37877,33180,38731,44634,44591,42573,37080,29923,18668,13577
1983,36047,Black male,38503,34410,36997,39559,33702,32119,29366,24332,20573,16862,14744,13135,9836,7154,4450,2723,1200,838
1983,36047,Black female,38268,34148,37557,42656,43678,42828,40167,34398,28596,23427,21407,18894,15470,12076,8301,5440,2703,2141
1983,36047,Other races male,3274,2529,2841,3153,3498,3925,4397,3170,2497,1900,1569,1327,1087,758,524,348,150,110
1983,36047,Other races female,3106,2357,2632,2886,3459,4050,4081,2966,2321,1686,1645,1428,1089,835,579,369,198,146
1983,36061,White male,22035,17742,19348,23336,41404,60092,54251,44667,33521,26850,25823,24733,21421,17877,14539,11170,6682,4457
1983,36061,White female,21106,16928,18631,24437,49494,64404,55764,45032,33775,26763,26517,27815,26613,25737,23938,20641,13876,10852
1983,36061,Black male,11690,10395,12007,14145,14332,14577,13690,11350,10049,8594,8409,8250,6829,5658,3975,2704,1383,934
1983,36061,Black female,11378,10084,12040,14580,15924,15826,14789,12635,11233,9930,10249,10531,9787,8975,7238,5189,2827,2164
1983,36061,Other races male,2680,2335,2692,3171,4088,4817,4941,3566,3221,2595,2209,2101,1870,1482,1157,848,415,265
1983,36061,Other races female,2663,2181,2519,3018,4431,5048,5130,3688,3015,2338,2370,2287,1903,1562,1190,817,475,317
1983,36081,White male,37760,33374,38282,44729,56725,61657,53629,43839,36478,31821,36772,41452,39892,33777,26216,18384,10365,6677
1983,36081,White female,35862,31837,36750,43711,59647,60785,52853,45381,39707,36601,43831,50869,50033,45601,39625,32383,20849,16290
1983,36081,Black male,15065,14652,17477,19480,16385,15195,13485,11649,10670,9208,8822,8202,6267,4409,2932,1728,826,605
1983,36081,Black female,14997,14467,17513,19994,19095,18228,17661,15685,13993,12138,11586,10669,8547,6737,4852,3190,1811,1387
1983,36081,Other races male,6532,5320,5475,5436,5756,7766,9683,7387,5765,4178,3088,2482,1939,1369,929,532,240,128
1983,36081,Other races female,6172,5012,5126,5085,6175,8250,9414,7084,5338,3608,3179,2597,2158,1673,1133,685,347,202
1983,36085,White male,11145,10971,12866,13505,13299,13378,13718,12493,10034,8172,8130,7939,6927,5292,3762,2399,1343,953
1983,36085,White female,10651,10216,12212,12981,13688,14060,14385,13031,10309,8545,8424,8681,8127,6767,5576,4236,2780,2453
1983,36085,Black male,1517,1352,1470,1519,1291,1298,1126,788,629,481,431,368,237,192,118,77,49,28
1983,36085,Black female,1438,1328,1423,1503,1571,1474,1332,1037,779,637,558,481,398,287,231,154,89,61
1983,36085,Other races male,491,486,475,402,327,372,516,536,448,319,195,142,108,84,90,55,31,25
1983,36085,Other races female,483,454,503,397,348,426,635,564,468,275,208,159,126,130,100,72,36,34
1984,36005,White male,25960,23210,24983,28305,30591,27558,23216,20389,16727,14459,14821,16105,15427,13064,11020,8574,5210,3945
1984,36005,White female,25078,22158,24019,28037,32726,30074,26251,23788,20088,17687,18394,20630,20370,19138,17795,15429,10499,9456
1984,36005,Black male,20707,18400,19376,22007,19867,18932,16414,13464,10965,8848,7826,7194,5672,4142,2786,1790,890,605
1984,36005,Black female,19966,18016,19273,21973,23508,23367,21331,18587,15080,12784,11367,10746,8927,7028,5213,3582,1980,1634
1984,36005,Other races male,1506,1196,1207,1315,1287,1405,1692,1375,1013,780,560,471,344,267,184,112,57,42
1984,36005,Other races female,1416,1142,1151,1215,1341,1571,1774,1406,975,735,615,565,401,325,235,155,78,69
1984,36047,White male,48641,42687,44128,48812,57372,58143,50863,42633,35080,28637,31330,35306,34903,30745,24131,17628,10072,6702
1984,36047,White female,46287,40336,42516,48159,59944,58850,52134,45680,38652,32812,36731,43081,44042,41371,36487,29924,18815,13934
1984,36047,Black male,38729,35591,36670,39335,34860,33506,30163,25775,21024,17469,14970,13445,10238,7374,4623,2845,1272,881
1984,36047,Black female,38379,35273,37204,42387,44500,44293,41139,36221,29250,24346,21560,19310,16094,12424,8775,5762,2921,2307
1984,36047,Other races male,3575,2736,3061,3434,3922,4365,4884,3658,2778,2104,1733,1467,1213,808,566,370,157,121
1984,36047,Other races female,3373,2554,2854,3132,3798,4455,4454,3414,2599,1847,1777,1594,1219,892,635,402,215,157
1984,36061,White male,22313,18007,18661,22924,41666,60673,54832,46506,34713,27437,25431,25030,22041,17865,14376,11113,6706,4569
1984,36061,White female,21394,17187,17935,24113,49790,64866,56059,46884,35457,27770,26156,27705,26919,25348,23566,20585,14006,11257
1984,36061,Black male,12086,10990,12019,14138,14802,15209,14063,11996,10180,8734,8344,8193,6918,5666,3980,2709,1392,962
1984,36061,Black female,11748,10664,11987,14504,16355,16467,15233,13436,11475,10222,10166,10459,9903,8972,7331,5301,2956,2286
1984,36061,Other races male,2762,2386,2757,3292,4384,5094,5173,3903,3391,2709,2296,2186,1988,1510,1190,874,427,282
1984,36061,Other races female,2738,2223,2594,3207,4777,5397,5350,4052,3237,2442,2449,2445,2044,1612,1268,883,501,345
1984,36081,White male,37642,33277,36525,43349,56612,62296,54023,45390,37106,31672,35070,40251,39443,33121,25947,18424,10416,6735
1984,36081,White female,35745,31733,34970,42139,58952,60970,52938,46636,40179,36256,41594,49178,49611,44632,39217,32429,20970,16741
1984,36081,Black male,15338,15151,17163,19254,17095,16132,14072,12339,10871,9508,8898,8319,6472,4585,3027,1793,867,627
1984,36081,Black female,15229,14965,17169,19729,19723,19187,18138,16429,14254,12602,11605,10826,8906,6949,5057,3350,1910,1478
1984,36081,Other races male,7019,5702,5910,5976,6551,8662,10630,8373,6373,4695,3473,2761,2201,1502,1037,593,268,146
1984,36081,Other races female,6650,5357,5519,5594,6844,9000,10108,8009,5967,4058,3534,2940,2448,1820,1269,772,381,219
1984,36085,White male,11281,11002,12258,13181,13536,13634,13788,12800,10369,8365,7954,7936,7034,5320,3817,2465,1368,952
1984,36085,White female,10756,10239,11633,12653,13840,14250,14399,13399,10737,8773,8223,8628,8221,6777,5705,4365,2832,2490
1984,36085,Black male,1546,1406,1459,1499,1313,1341,1153,841,649,498,436,373,256,196,121,78,50,28
1984,36085,Black female,1458,1370,1400,1484,1598,1519,1362,1093,812,661,564,491,416,293,241,159,93,65
1984,36085,Other races male,528,521,511,454,381,415,549,583,492,367,226,158,120,90,93,59,32,27
1984,36085,Other races female,509,482,546,449,394,468,657,623,527,317,234,181,139,139,109,82,40,36
1985,36005,White male,26050,23288,23822,27684,30349,27779,23432,20840,16841,14341,14288,15761,15149,12852,10603,8434,5176,3954
1985,36005,White female,25128,22226,22949,27306,32372,30221,26355,24180,20126,17488,17734,20051,20052,18678,17166,15227,10465,9674
1985,36005,Black male,21333,19210,19287,21905,20917,19987,17143,14328,11275,9309,7901,7291,5814,4314,2854,1856,935,639
1985,36005,Black female,20583,18826,19182,21714,24140,24272,22024,19482,15514,13407,11446,10890,9187,7278,5380,3729,2076,1736
1985,36005,Other races male,1633,1309,1285,1427,1430,1563,1839,1524,1108,861,609,508,373,290,192,115,59,43
1985,36005,Other races female,1535,1250,1222,1322,1471,1737,1908,1548,1077,812,662,614,436,351,251,167,84,72
1985,36047,White male,48466,42755,42506,48062,56570,58115,51299,44259,35973,28513,30020,34158,34196,30396,23586,17700,10117,6799
1985,36047,White female,46107,40488,40866,47103,58731,58599,52356,47081,39291,32443,35117,41397,43279,40683,35739,29972,19008,14380
1985,36047,Black male,39110,36758,36553,39122,36055,34669,31116,27257,21511,18235,15171,13742,10605,7676,4801,2980,1353,919
1985,36047,Black female,38659,36386,37121,42025,45324,45450,42278,37956,29981,25408,21794,19726,16681,12900,9205,6100,3134,2465
1985,36047,Other races male,3883,2970,3266,3729,4356,4848,5373,4151,3081,2317,1904,1618,1324,882,602,385,165,130
1985,36047,Other races female,3641,2789,3050,3388,4144,4897,4839,3856,2893,2032,1908,1750,1340,970,686,438,234,170
1985,36061,White male,22429,18043,17801,22511,41174,60332,55148,47734,35440,27701,24935,25018,22282,17935,13983,10978,6687,4667
1985,36061,White female,21527,17231,17074,23774,49205,64361,56063,48073,36595,28455,25737,27189,26784,24967,22811,20315,14002,11604
1985,36061,Black male,12382,11456,11958,13970,15113,15561,14342,12518,10209,8848,8174,8029,6899,5667,3942,2697,1396,971
1985,36061,Black female,12023,11121,11880,14225,16594,16796,15555,14054,11614,10450,10005,10259,9872,8958,7301,5364,3044,2376
1985,36061,Other races male,2818,2432,2779,3392,4637,5359,5347,4193,3548,2801,2359,2261,2053,1565,1197,876,434,295
1985,36061,Other races female,2781,2270,2616,3370,5076,5729,5525,4353,3442,2546,2501,2558,2148,1681,1318,942,526,375
1985,36081,White male,37513,32976,34707,42289,55879,62433,54536,46655,37501,31375,33503,38817,38576,32851,25450,18469,10476,6817
1985,36081,White female,35618,31447,33132,40845,57625,60675,53126,47543,40320,35739,39592,47116,48718,43995,38466,32374,21040,17214
1985,36081,Black male,15589,15567,16870,18945,17746,16881,14661,12986,11041,9849,8918,8386,6622,4787,3111,1861,913,641
1985,36081,Black female,15447,15381,16875,19332,20266,19918,18595,17050,14485,13077,11612,10934,9199,7198,5214,3503,1995,1557
1985,36081,Other races male,7480,6112,6288,6516,7330,9595,11526,9325,6995,5206,3847,3046,2418,1672,1126,645,295,162
1985,36081,Other races female,7093,5756,5838,6093,7493,9780,10779,8872,6605,4539,3869,3252,2709,1996,1388,860,416,238
1985,36085,White male,11448,11000,11671,12993,13672,13826,13933,13064,10669,8543,7826,7914,7092,5425,3852,2541,1397,960
1985,36085,White female,10889,10234,11073,12448,13890,14378,14482,13710,11103,8983,8086,8540,8268,6855,5799,4497,2884,2540
1985,36085,Black male,1578,1457,1452,1474,1335,1370,1184,898,670,519,437,378,273,201,122,80,51,30
1985,36085,Black female,1481,1411,1386,1462,1619,1548,1396,1142,844,686,572,500,430,303,248,163,96,68
1985,36085,Other races male,565,561,543,505,437,460,583,629,539,414,257,176,131,98,95,62,34,31
1985,36085,Other races female,534,517,584,502,442,514,682,678,587,363,261,200,152,151,118,93,45,39
1986,36005,White male,26189,23449,22617,27290,29821,28186,23606,21637,16843,14366,13877,15401,14685,12673,10255,8284,5148,3951
1986,36005,White female,25230,22360,21858,26800,31639,30551,26419,24940,20037,17460,17187,19509,19504,18364,16637,15042,10498,9838
1986,36005,Black male,22147,19958,18932,22133,21857,21126,17885,15504,11538,9742,8043,7373,5943,4484,2945,1920,976,673
1986,36005,Black female,21385,19550,18859,21796,24625,25252,22675,20787,15862,14013,11618,11029,9420,7563,5580,3895,2188,1844
1986,36005,Other races male,1771,1434,1352,1554,1563,1738,1985,1701,1197,943,674,549,403,318,202,120,62,44
1986,36005,Other races female,1658,1367,1290,1445,1597,1913,2048,1708,1179,901,716,663,476,384,270,175,91,77
1986,36047,White male,48287,42892,40723,47635,55132,58356,51552,46558,36550,28622,28914,32909,33006,30083,23153,17724,10154,6861
1986,36047,White female,45936,40693,39099,46359,56728,58580,52407,49134,39601,32335,33665,39715,41938,40244,35135,30002,19291,14718
1986,36047,Black male,39763,37729,35865,39429,36982,35899,32029,29272,21870,18915,15471,13992,10935,7960,5007,3111,1429,955
1986,36047,Black female,39216,37248,36523,42248,45784,46655,43261,40415,30492,26383,22167,20101,17186,13418,9672,6459,3364,2623
1986,36047,Other races male,4210,3225,3443,4055,4757,5380,5847,4712,3362,2529,2108,1776,1433,963,647,404,176,142
1986,36047,Other races female,3911,3038,3233,3678,4470,5357,5227,4337,3181,2232,2057,1906,1478,1057,745,474,253,185
1986,36061,White male,22601,18155,16930,22309,40333,60417,55402,49795,35944,28267,24667,25016,22259,18079,13692,10841,6679,4755
1986,36061,White female,21719,17342,16216,23665,48106,64273,56026,50048,37512,29447,25500,26760,26362,24805,22209,20081,14100,11890
1986,36061,Black male,12794,11890,11742,14022,15344,15979,14640,13306,10207,8938,8078,7854,6870,5668,3937,2685,1395,981
1986,36061,Black female,12413,11530,11642,14179,16746,17182,15858,14976,11699,10665,9936,10065,9814,8992,7317,5455,3155,2469
1986,36061,Other races male,2894,2494,2786,3523,4864,5685,5522,4554,3689,2896,2470,2345,2123,1633,1225,889,449,313
1986,36061,Other races female,2833,2328,2636,3571,5360,6091,5716,4702,3649,2674,2579,2679,2286,1767,1389,1011,551,404
1986,36081,White male,37323,32673,32744,41449,54461,62763,54776,48544,37521,31297,32128,37238,37114,32588,25042,18443,10514,6859
1986,36081,White female,35442,31142,31191,39768,55482,60539,53070,49030,40082,35465,37741,45017,47109,43578,37818,32259,21180,17532
1986,36081,Black male,15922,15870,16304,18863,18238,17633,15208,13860,11130,10127,8982,8412,6736,4971,3209,1922,952,655
1986,36081,Black female,15749,15661,16336,19177,20625,20635,18958,17967,14591,13485,11680,11004,9431,7458,5382,3661,2088,1634
1986,36081,Other races male,7965,6544,6598,7092,8042,10599,12368,10409,7554,5707,4285,3335,2634,1852,1230,701,325,179
1986,36081,Other races female,7523,6167,6118,6643,8090,10574,11438,9802,7218,5048,4229,3558,3000,2186,1520,952,450,256
1986,36085,White male,11613,11010,11044,12890,13652,14079,14022,13516,10869,8788,7747,7876,7044,5542,3901,2610,1425,960
1986,36085,White female,11026,10235,10485,12328,13757,14560,14516,14207,11373,9267,7986,8455,8200,6979,5913,4628,2950,2568
1986,36085,Black male,1620,1500,1425,1468,1344,1403,1214,971,685,537,442,379,290,205,126,82,52,28
1986,36085,Black female,1516,1439,1352,1459,1629,1579,1424,1216,871,709,581,511,443,314,259,166,101,72
1986,36085,Other races male,605,604,569,561,489,510,615,685,582,462,293,194,140,106,100,65,36,32
1986,36085,Other races female,558,553,617,560,487,559,706,738,646,411,290,221,166,163,127,106,49,41
1987,36005,White male,26301,23499,22221,26416,29050,28322,23884,21138,17882,14560,13632,14860,14240,12502,9902,8177,5159,3962
1987,36005,White female,25298,22402,21534,25819,30695,30633,26606,24171,21167,17620,16844,18738,18923,18067,16085,14852,10556,10049
1987,36005,Black male,23110,20669,19264,22239,22456,22172,18842,16094,12231,10326,8271,7408,6094,4696,3029,2003,1020,716
1987,36005,Black female,22337,20259,19194,21781,24871,26147,23598,21328,16810,14765,11889,11129,9683,7913,5752,4086,2305,1966
1987,36005,Other races male,1909,1565,1426,1677,1672,1929,2149,1839,1321,1027,743,590,434,352,212,126,67,45
1987,36005,Other races female,1784,1488,1361,1566,1713,2098,2205,1813,1313,998,776,707,519,418,287,188,97,80
1987,36047,White male,47766,42572,40155,46105,52938,57683,51714,45790,39159,28894,27993,31086,31677,29615,22579,17741,10210,6906
1987,36047,White female,45425,40485,38474,44533,54036,57733,52385,47876,42083,32378,32424,37343,40286,39616,34287,29858,19507,15036
1987,36047,Black male,40427,38379,36264,39281,37102,36741,33119,29985,22906,19760,15836,14061,11232,8266,5171,3254,1499,995
1987,36047,Black female,39799,37837,36974,42031,45518,47406,44487,41132,31957,27463,22588,20277,17631,13961,10030,6817,3579,2785
1987,36047,Other races male,4511,3475,3612,4345,5055,5915,6336,5133,3714,2727,2319,1928,1539,1055,686,426,190,152
1987,36047,Other races female,4159,3279,3399,3942,4731,5804,5619,4650,3540,2443,2207,2030,1610,1149,797,515,274,201
1987,36061,White male,22689,18138,16627,21661,39070,59749,55739,48746,38573,29099,24645,24655,22195,18197,13362,10731,6707,4846
1987,36061,White female,21824,17339,15894,23083,46574,63483,56091,48826,40634,30700,25512,25949,25820,24613,21526,19796,14192,12200
1987,36061,Black male,13251,12266,11925,13958,15295,16276,15064,13547,10557,9129,8048,7607,6844,5702,3912,2689,1393,1001
1987,36061,Black female,12853,11897,11780,14031,16688,17458,16302,15304,12189,10956,9924,9805,9755,9068,7278,5563,3265,2577
1987,36061,Other races male,2960,2555,2802,3635,5004,6030,5730,4791,3920,2984,2593,2431,2195,1724,1246,909,477,328
1987,36061,Other races female,2878,2383,2658,3758,5590,6453,5932,4886,3942,2818,2671,2763,2415,1868,1452,1086,583,439
1987,36081,White male,36995,32132,31904,39786,52486,62311,55088,47393,39731,31495,31078,35135,35622,32263,24561,18470,10605,6903
1987,36081,White female,35122,30630,30297,37894,52865,59738,53102,47384,42155,35470,36266,42300,45308,43102,37035,32061,21312,17879
1987,36081,Black male,16309,16090,16299,18621,18392,18243,15877,14161,11596,10521,9115,8357,6848,5184,3291,1997,992,672
1987,36081,Black female,16109,15881,16334,18884,20719,21211,19479,18162,15199,13985,11810,10999,9658,7751,5508,3829,2176,1718
1987,36081,Other races male,8419,6985,6922,7626,8600,11638,13274,11204,8296,6192,4746,3622,2843,2061,1327,762,364,196
1987,36081,Other races female,7934,6577,6393,7164,8597,11366,12133,10384,8003,5593,4604,3817,3285,2394,1642,1050,491,278
1987,36085,White male,11737,10941,10798,12534,13484,14157,14132,13129,11714,9120,7746,7726,6986,5651,3940,2687,1461,961
1987,36085,White female,11119,10171,10251,11965,13500,14584,14577,13798,12310,9631,7965,8248,8096,7094,6006,4747,3016,2601
1987,36085,Black male,1670,1535,1447,1451,1330,1424,1253,1004,725,563,451,379,306,212,128,83,52,29
1987,36085,Black female,1554,1463,1364,1445,1619,1599,1463,1239,926,737,595,515,455,325,265,170,104,76
1987,36085,Other races male,641,645,599,614,529,562,651,721,639,507,333,212,151,116,102,69,39,34
1987,36085,Other races female,582,590,651,615,524,607,733,772,720,463,318,238,180,179,135,119,54,45
1988,36005,White male,26266,23424,21957,25282,28067,28217,24076,20999,17849,15024,13526,14103,13840,12009,9489,7943,5126,3907
1988,36005,White female,25234,22310,21351,24591,29396,30426,26687,23860,21008,18118,16681,17745,18337,17350,15385,14451,10512,10103
1988,36005,Black male,24113,21292,19628,22222,22829,23161,19694,16671,12833,10870,8563,7391,6191,4871,3091,2047,1059,750
1988,36005,Black female,23343,20853,19570,21629,24836,26966,24424,21818,17577,15501,12302,11132,9866,8215,5861,4212,2412,2066
1988,36005,Other races male,2040,1702,1508,1787,1775,2120,2306,1974,1435,1113,817,630,458,389,218,130,71,47
1988,36005,Other races female,1900,1612,1443,1674,1810,2280,2360,1912,1438,1101,839,749,554,453,303,198,105,85
1988,36047,White male,47218,42234,40048,44372,50656,56817,51944,45996,39621,29847,27495,28993,30614,28535,21985,17572,10233,6871
1988,36047,White female,44906,40235,38309,42523,51037,56638,52410,47738,42213,33200,31687,34751,38844,38282,33300,29434,19628,15188
1988,36047,Black male,41337,39041,36891,39106,37047,37658,34167,30814,23863,20613,16406,14101,11485,8549,5315,3346,1568,1030
1988,36047,Black female,40645,38385,37686,41761,44976,48247,45729,41943,33214,28632,23391,20379,18018,14482,10321,7097,3792,2927
1988,36047,Other races male,4811,3745,3816,4619,5352,6485,6829,5565,4058,2945,2548,2083,1628,1153,718,444,205,162
1988,36047,Other races female,4404,3541,3608,4183,4964,6267,6032,4968,3888,2677,2372,2154,1731,1241,840,550,298,219
1988,36061,White male,22732,18088,16484,20889,37680,58814,56078,48687,39050,30610,24986,24016,22276,17912,13006,10495,6704,4872
1988,36061,White female,21894,17293,15730,22371,44690,62347,56130,48679,41472,32719,25920,24921,25370,23945,20726,19302,14198,12360
1988,36061,Black male,13775,12633,12165,13866,15162,16590,15453,13824,10856,9310,8107,7341,6785,5708,3870,2649,1390,1013
1988,36061,Black female,13364,12238,11985,13847,16514,17747,16731,15649,12590,11263,10065,9500,9654,9116,7186,5598,3368,2658
1988,36061,Other races male,3024,2628,2842,3728,5143,6398,5938,5039,4132,3088,2731,2515,2242,1820,1254,919,501,344
1988,36061,Other races female,2919,2447,2710,3917,5781,6827,6165,5073,4220,2982,2776,2842,2528,1965,1496,1149,615,474
1988,36081,White male,36675,31603,31437,37998,50480,61733,55524,47322,39799,32473,30540,32772,34469,31310,24085,18319,10671,6875
1988,36081,White female,34829,30109,29771,35912,50016,58770,53228,46924,41913,36372,35408,39380,43795,41905,36137,31596,21363,18048
1988,36081,Black male,16807,16330,16404,18391,18475,18911,16544,14532,12037,10931,9375,8297,6945,5385,3361,2041,1032,687
1988,36081,Black female,16592,16095,16454,18590,20709,21852,20024,18421,15725,14544,12155,10969,9860,8043,5600,3955,2265,1788
1988,36081,Other races male,8879,7474,7306,8139,9161,12758,14198,12039,9022,6727,5254,3917,3027,2285,1411,815,403,214
1988,36081,Other races female,8347,7029,6748,7648,9058,12201,12887,10988,8775,6201,5017,4069,3549,2603,1747,1140,532,302
1988,36085,White male,11875,10888,10689,12148,13316,14216,14292,13056,11947,9698,7888,7512,6995,5656,3982,2739,1495,956
1988,36085,White female,11229,10112,10152,11576,13182,14575,14680,13741,12599,10267,8095,8001,8047,7099,6087,4828,3072,2612
1988,36085,Black male,1732,1573,1479,1435,1313,1454,1295,1044,764,589,465,377,323,217,130,85,53,29
1988,36085,Black female,1607,1487,1386,1433,1603,1625,1506,1270,979,771,620,520,466,338,273,172,108,80
1988,36085,Other races male,681,693,633,666,574,618,687,761,696,559,374,231,159,128,103,73,42,38
1988,36085,Other races female,606,629,693,669,562,656,765,810,796,520,352,255,194,194,141,130,60,50
1989,36005,White male,26256,23145,21642,23858,26859,27793,24065,20812,17963,15012,13359,13339,13241,11505,9042,7688,5089,3876
1989,36005,White female,25192,22025,21136,23071,27967,29899,26571,23497,21003,18053,16455,16752,17468,16648,14586,13965,10426,10118
1989,36005,Black male,25390,21656,20128,21886,22895,23788,20379,17083,13552,11246,8828,7316,6235,5016,3162,2078,1093,778
1989,36005,Black female,24620,21196,20119,21193,24514,27385,25084,22087,18522,15993,12685,11035,9957,8460,5963,4294,2506,2138
1989,36005,Other races male,2189,1819,1601,1875,1866,2307,2466,2088,1556,1186,883,669,481,417,226,133,75,46
1989,36005,Other races female,2033,1720,1531,1762,1910,2449,2517,1993,1568,1194,902,777,586,485,314,206,113,89
1989,36047,White male,46760,41569,39910,42164,48048,55373,51770,46112,40431,29890,26899,26941,29147,27456,21336,17368,10258,6883
1989,36047,White female,44468,39677,38138,40054,47903,55017,52093,47513,42677,33024,30856,32229,36847,37016,32130,28858,19693,15292
1989,36047,Black male,42729,39262,37812,38412,36556,38022,34947,31367,25057,21157,16934,14041,11645,8781,5485,3418,1634,1054
1989,36047,Black female,41972,38499,38760,40978,43969,48418,46692,42367,34830,29367,24154,20308,18250,14915,10606,7309,3990,3032
1989,36047,Other races male,5156,3976,4050,4841,5618,7036,7331,5946,4426,3131,2764,2235,1710,1236,757,461,216,173
1989,36047,Other races female,4689,3765,3833,4378,5210,6698,6455,5241,4248,2886,2542,2245,1840,1333,881,579,319,233
1989,36061,White male,22930,17983,16401,19986,36209,57542,56242,48770,40063,31365,25387,23476,22146,17699,12672,10287,6732,4958
1989,36061,White female,22108,17197,15635,21512,42860,60908,56060,48663,42831,33979,26413,24027,24657,23427,19909,18803,14230,12540
1989,36061,Black male,14534,12916,12564,13657,14926,16737,15792,14044,11312,9396,8179,7063,6705,5705,3865,2610,1388,1019
1989,36061,Black female,14109,12497,12362,13561,16248,17874,17137,15919,13186,11456,10229,9169,9522,9148,7132,5612,3474,2722
1989,36061,Other races male,3130,2680,2918,3802,5284,6773,6183,5263,4388,3172,2864,2608,2296,1897,1282,935,522,358
1989,36061,Other races female,3000,2493,2789,4057,6022,7199,6437,5244,4528,3131,2900,2898,2637,2066,1544,1210,652,509
1989,36081,White male,36617,30985,31093,35999,48386,60808,55792,47395,40417,32628,30043,30609,33031,30499,23665,18223,10794,6928
1989,36081,White female,34777,29504,29380,33727,47276,57531,53260,46607,42221,36372,34610,36728,41864,40983,35216,31126,21457,18249
1989,36081,Black male,17597,16464,16719,18008,18431,19389,17157,14839,12654,11234,9657,8219,7019,5582,3466,2084,1073,698
1989,36081,Black female,17362,16207,16812,18163,20579,22292,20541,18597,16499,14961,12537,10902,10032,8325,5721,4067,2356,1848
1989,36081,Other races male,9469,7919,7794,8602,9719,13907,15213,12821,9846,7224,5764,4231,3214,2490,1519,874,441,230
1989,36081,Other races female,8878,7443,7175,8092,9594,13036,13724,11549,9620,6789,5466,4282,3812,2825,1855,1228,576,323
1989,36085,White male,12068,10777,10599,11659,13072,14152,14373,12991,12316,10022,8029,7315,6924,5670,4023,2793,1533,956
1989,36085,White female,11390,10000,10077,11085,12840,14453,14721,13687,13016,10640,8231,7772,7893,7133,6142,4894,3127,2621
1989,36085,Black male,1820,1596,1528,1406,1285,1463,1329,1076,813,609,480,375,336,222,132,86,54,28
1989,36085,Black female,1685,1497,1426,1408,1574,1633,1544,1289,1046,793,645,521,474,348,279,175,112,82
1989,36085,Other races male,728,734,675,712,615,674,726,796,759,605,414,250,167,137,109,77,45,40
1989,36085,Other races female,637,666,741,716,601,704,799,841,876,576,386,270,206,210,147,142,65,53
